Date(UTC),Value (Wei)
7/30/2015,0
7/31/2015,0
08/01/2015,0
08/02/2015,0
08/03/2015,0
08/04/2015,0
08/05/2015,0
08/06/2015,0
08/07/2015,6.04684E+11
08/08/2015,3.22714E+11
08/09/2015,4.75467E+11
08/10/2015,4.21655E+11
08/11/2015,77838819162
08/12/2015,4.44902E+11
8/13/2015,2.68683E+11
8/14/2015,1.93455E+11
8/15/2015,1.44369E+11
8/16/2015,1.2094E+11
8/17/2015,1.3215E+11
8/18/2015,1.46513E+11
8/19/2015,1.94583E+11
8/20/2015,99011782801
8/21/2015,79543407701
8/22/2015,5.52841E+11
8/23/2015,73439482806
8/24/2015,92409814705
8/25/2015,76432335617
8/26/2015,60481160549
8/27/2015,59307091958
8/28/2015,92879907335
8/29/2015,56211090684
8/30/2015,55155494457
8/31/2015,58423521569
09/01/2015,56671549652
09/02/2015,59243651401
09/03/2015,55051483461
09/04/2015,58779015464
09/05/2015,54768144366
09/06/2015,55089818552
09/07/2015,53594260637
09/08/2015,64932639811
09/09/2015,53779997784
09/10/2015,54630657670
09/11/2015,55713802958
09/12/2015,61830202468
9/13/2015,52313524792
9/14/2015,53772389657
9/15/2015,53191101494
9/16/2015,1.11519E+11
9/17/2015,55637920883
9/18/2015,55703151966
9/19/2015,51639660974
9/20/2015,52910345407
9/21/2015,51171380285
9/22/2015,51465441496
9/23/2015,51732832046
9/24/2015,54262646753
9/25/2015,52300197415
9/26/2015,55315658061
9/27/2015,51025979902
9/28/2015,52683661382
9/29/2015,55437141860
9/30/2015,51461473059
10/01/2015,51474669294
10/02/2015,52567714347
10/03/2015,52502578427
10/04/2015,50733256095
10/05/2015,50742818443
10/06/2015,51375494165
10/07/2015,51181314265
10/08/2015,56971870131
10/09/2015,61962572208
10/10/2015,64893302980
10/11/2015,56318375319
10/12/2015,51359902694
10/13/2015,53219625156
10/14/2015,57976429615
10/15/2015,54823147993
10/16/2015,53404946237
10/17/2015,53619552703
10/18/2015,52006592112
10/19/2015,52456819761
10/20/2015,53767556518
10/21/2015,53588794315
10/22/2015,57253941421
10/23/2015,51207267003
10/24/2015,50749518370
10/25/2015,51635339670
10/26/2015,54585998170
10/27/2015,53525777571
10/28/2015,54787998286
10/29/2015,52364630378
10/30/2015,54017718700
10/31/2015,53753181787
11/01/2015,50751088484
11/02/2015,53162663704
11/03/2015,51578536572
11/04/2015,52243136362
11/05/2015,52990311400
11/06/2015,52184810513
11/07/2015,51944373853
11/08/2015,52414324288
11/09/2015,51918274052
11/10/2015,52237284910
11/11/2015,52560853806
11/12/2015,59050838844
11/13/2015,51534479321
11/14/2015,51216461485
11/15/2015,51537798825
11/16/2015,56768038418
11/17/2015,56303859554
11/18/2015,53515892028
11/19/2015,54119551224
11/20/2015,54384895828
11/21/2015,54039631830
11/22/2015,53793371733
11/23/2015,55629754775
11/24/2015,58042755370
11/25/2015,54235748106
11/26/2015,53986356287
11/27/2015,53456555142
11/28/2015,54312682973
11/29/2015,53321187419
11/30/2015,55199244474
12/01/2015,54837947431
12/02/2015,53588845124
12/03/2015,53564860105
12/04/2015,53920215595
12/05/2015,54430269329
12/06/2015,53904812363
12/07/2015,53988885934
12/08/2015,53743612456
12/09/2015,54733915734
12/10/2015,54938250098
12/11/2015,58195798149
12/12/2015,59486449382
12/13/2015,56701649126
12/14/2015,53372600387
12/15/2015,62650330558
12/16/2015,54026271431
12/17/2015,55081281267
12/18/2015,55034649240
12/19/2015,53891713881
12/20/2015,53342677327
12/21/2015,53466176225
12/22/2015,53627121090
12/23/2015,55663754533
12/24/2015,52792315740
12/25/2015,53550792729
12/26/2015,53675955367
12/27/2015,66846252680
12/28/2015,53108130511
12/29/2015,53729001893
12/30/2015,56716784472
12/31/2015,57661175081
01/01/2016,54747565393
01/02/2016,53323453178
01/03/2016,53342341402
01/04/2016,54038066808
01/05/2016,57078526509
01/06/2016,53724486418
01/07/2016,53273537581
01/08/2016,53800517545
01/09/2016,53277018400
01/10/2016,53104731714
01/11/2016,53940328769
01/12/2016,54526276152
1/13/2016,58256098368
1/14/2016,55250356301
1/15/2016,57562550443
1/16/2016,55150540726
1/17/2016,53477721574
1/18/2016,53945900879
1/19/2016,53767376718
1/20/2016,55721616549
1/21/2016,60639283859
1/22/2016,56195249052
1/23/2016,55504259187
1/24/2016,58951408559
1/25/2016,56752420983
1/26/2016,58955359850
1/27/2016,58687046251
1/28/2016,56180261528
1/29/2016,59508641167
1/30/2016,67198755701
1/31/2016,66544976813
02/01/2016,66170097350
02/02/2016,65763607541
02/03/2016,64138762372
02/04/2016,73409019027
02/05/2016,68267066894
02/06/2016,1.31917E+11
02/07/2016,81674346130
02/08/2016,80464718771
02/09/2016,1.2451E+11
02/10/2016,1.41417E+11
02/11/2016,66426480457
02/12/2016,62799761220
2/13/2016,57729244744
2/14/2016,53479540613
2/15/2016,56788416456
2/16/2016,55814592783
2/17/2016,54601880947
2/18/2016,54513971078
2/19/2016,54608221632
2/20/2016,53778238540
2/21/2016,54255151037
2/22/2016,59577980579
2/23/2016,61016867321
2/24/2016,58177356219
2/25/2016,57464169480
2/26/2016,54600904591
2/27/2016,54108259575
2/28/2016,54072562583
2/29/2016,58416492222
03/01/2016,59690933816
03/02/2016,67322497890
03/03/2016,56545945782
03/04/2016,53626100171
03/05/2016,47489912177
03/06/2016,47260765636
03/07/2016,50440843854
03/08/2016,53596473626
03/09/2016,38089619702
03/10/2016,30204433047
03/11/2016,29035652694
03/12/2016,29197411911
3/13/2016,30820960382
3/14/2016,28509995013
3/15/2016,26342144976
3/16/2016,25523949148
3/17/2016,27708932990
3/18/2016,26302902480
3/19/2016,29326753003
3/20/2016,26655411712
3/21/2016,26198708915
3/22/2016,23516912695
3/23/2016,24515668491
3/24/2016,24817035022
3/25/2016,28125320881
3/26/2016,25100050063
3/27/2016,23366025518
3/28/2016,23293862605
3/29/2016,24748798767
3/30/2016,29356903690
3/31/2016,23943731847
04/01/2016,23089731009
04/02/2016,22939736669
04/03/2016,22705288437
04/04/2016,23071306359
04/05/2016,22855001812
04/06/2016,23774218158
04/07/2016,22920002717
04/08/2016,23663537901
04/09/2016,23374699345
04/10/2016,23678330657
04/11/2016,23659454582
04/12/2016,23059716953
4/13/2016,25246911318
4/14/2016,25758426765
4/15/2016,22848354360
4/16/2016,22969314896
4/17/2016,23167419890
4/18/2016,22692256964
4/19/2016,22921917181
4/20/2016,23244541703
4/21/2016,24583057704
4/22/2016,23168317793
4/23/2016,23328772911
4/24/2016,22898306186
4/25/2016,22894325246
4/26/2016,24013247909
4/27/2016,22769355411
4/28/2016,23151110557
4/29/2016,22517844341
4/30/2016,23589420595
05/01/2016,24074701211
05/02/2016,23735031560
05/03/2016,24296239464
05/04/2016,23683442809
05/05/2016,24293386757
05/06/2016,23038005218
05/07/2016,23118154788
05/08/2016,23310345000
05/09/2016,23021017203
05/10/2016,23592720268
05/11/2016,23627226077
05/12/2016,25330807567
5/13/2016,28093994639
5/14/2016,23703052414
5/15/2016,22439773235
5/16/2016,22740132145
5/17/2016,22852181919
5/18/2016,23498384260
5/19/2016,23539460755
5/20/2016,23617555647
5/21/2016,22932813089
5/22/2016,22915048414
5/23/2016,23047905809
5/24/2016,23390787327
5/25/2016,23119167836
5/26/2016,22614164987
5/27/2016,23740827315
5/28/2016,26746665349
5/29/2016,23677018969
5/30/2016,23145863918
5/31/2016,22735089093
06/01/2016,22687558792
06/02/2016,22831513081
06/03/2016,22754854055
06/04/2016,22562926511
06/05/2016,22634657554
06/06/2016,23217826841
06/07/2016,23737534493
06/08/2016,23042966451
06/09/2016,22658862386
06/10/2016,22804128940
06/11/2016,22375029283
06/12/2016,22951154962
6/13/2016,22759240658
6/14/2016,22856579441
6/15/2016,22714226454
6/16/2016,23212696396
6/17/2016,24632069593
6/18/2016,24843768913
6/19/2016,22736174769
6/20/2016,22691090048
6/21/2016,25068845210
6/22/2016,23017973391
6/23/2016,22617185981
6/24/2016,22376397200
6/25/2016,22497935939
6/26/2016,22141167067
6/27/2016,22312348466
6/28/2016,22584213073
6/29/2016,22918582594
6/30/2016,22446491113
07/01/2016,22618172634
07/02/2016,22174765936
07/03/2016,22438609328
07/04/2016,22445903080
07/05/2016,22791928270
07/06/2016,22376280596
07/07/2016,22363551641
07/08/2016,22368208463
07/09/2016,22412574674
07/10/2016,22296567527
07/11/2016,22505333819
07/12/2016,22440652514
7/13/2016,22106770557
7/14/2016,22324847989
7/15/2016,22150401292
7/16/2016,22453905433
7/17/2016,22385907496
7/18/2016,22194304300
7/19/2016,21817375021
7/20/2016,22553228644
7/21/2016,22496025782
7/22/2016,22388524770
7/23/2016,22644090502
7/24/2016,23334840904
7/25/2016,23055593809
7/26/2016,23802114598
7/27/2016,22886382980
7/28/2016,24336775150
7/29/2016,22951966479
7/30/2016,22341575288
7/31/2016,22551495057
08/01/2016,22560601997
08/02/2016,22679744211
08/03/2016,22667499175
08/04/2016,22424068262
08/05/2016,22709716839
08/06/2016,22261007498
08/07/2016,22143757119
08/08/2016,22238663553
08/09/2016,22880314198
08/10/2016,22839922128
08/11/2016,22430005194
08/12/2016,23389186213
8/13/2016,22116282460
8/14/2016,22080023368
8/15/2016,22387394758
8/16/2016,22133315567
8/17/2016,22449010538
8/18/2016,22271755769
8/19/2016,23013031811
8/20/2016,22008202022
8/21/2016,22724928781
8/22/2016,22323641612
8/23/2016,22472449180
8/24/2016,22134955112
8/25/2016,21662495420
8/26/2016,22060468684
8/27/2016,22084491734
8/28/2016,22327330954
8/29/2016,22503390990
8/30/2016,21969060645
8/31/2016,22383972827
09/01/2016,22350497450
09/02/2016,21832746445
09/03/2016,22180114518
09/04/2016,23122925314
09/05/2016,22297761925
09/06/2016,22011556383
09/07/2016,22086810764
09/08/2016,22630806155
09/09/2016,21954984795
09/10/2016,22516085593
09/11/2016,23221716092
09/12/2016,23192092540
9/13/2016,22172975216
9/14/2016,21847315101
9/15/2016,22076869309
9/16/2016,21913132122
9/17/2016,22349371995
9/18/2016,22722051979
9/19/2016,22459974842
9/20/2016,22114596899
9/21/2016,21875371150
9/22/2016,21998293790
9/23/2016,36520780497
9/24/2016,33231902597
9/25/2016,38650733832
9/26/2016,43188170153
9/27/2016,35880566234
9/28/2016,31053957466
9/29/2016,30521640536
9/30/2016,29817386069
10/01/2016,27851144123
10/02/2016,29274270351
10/03/2016,28921116127
10/04/2016,25719466740
10/05/2016,25204877308
10/06/2016,23383154022
10/07/2016,23148248452
10/08/2016,23382156317
10/09/2016,24293403159
10/10/2016,23808820587
10/11/2016,24289033632
10/12/2016,26037096488
10/13/2016,74508549155
10/14/2016,47491822159
10/15/2016,67021626922
10/16/2016,64860315135
10/17/2016,62917625993
10/18/2016,56109104953
10/19/2016,26727015004
10/20/2016,28388678071
10/21/2016,27327186756
10/22/2016,25568419660
10/23/2016,27189463354
10/24/2016,26738598194
10/25/2016,25467763116
10/26/2016,24766803093
10/27/2016,25335805631
10/28/2016,26393346615
10/29/2016,26931401011
10/30/2016,25710654068
10/31/2016,24958279875
11/01/2016,27306724366
11/02/2016,24483859111
11/03/2016,24961749448
11/04/2016,23953353775
11/05/2016,24196990421
11/06/2016,24064007293
11/07/2016,24556000429
11/08/2016,24358801328
11/09/2016,25674126403
11/10/2016,24703835063
11/11/2016,28889390493
11/12/2016,25243993965
11/13/2016,25168748733
11/14/2016,24969184273
11/15/2016,24586128040
11/16/2016,24746018974
11/17/2016,24334480804
11/18/2016,24779293462
11/19/2016,24367796634
11/20/2016,24297865025
11/21/2016,24827550548
11/22/2016,23329377849
11/23/2016,24571404785
11/24/2016,27981297065
11/25/2016,24440853301
11/26/2016,24641800522
11/27/2016,25256371561
11/28/2016,25726139305
11/29/2016,25163119754
11/30/2016,23375317675
12/01/2016,22785340768
12/02/2016,23095222285
12/03/2016,22832490174
12/04/2016,22644586389
12/05/2016,23613848731
12/06/2016,23636815655
12/07/2016,23374892164
12/08/2016,9.39588E+11
12/09/2016,22949471336
12/10/2016,22755035263
12/11/2016,23102362744
12/12/2016,23597952573
12/13/2016,22648901910
12/14/2016,22618352558
12/15/2016,23094151934
12/16/2016,22992393242
12/17/2016,23595023607
12/18/2016,23992718388
12/19/2016,23123514564
12/20/2016,24119840003
12/21/2016,23592292635
12/22/2016,20481256826
12/23/2016,21893017280
12/24/2016,22905581735
12/25/2016,22736759512
12/26/2016,22814139095
12/27/2016,23152519818
12/28/2016,22822250696
12/29/2016,23046273651
12/30/2016,22836679784
12/31/2016,22450276633
01/01/2017,22502464773
01/02/2017,22989772352
01/03/2017,23220439902
01/04/2017,23038159919
01/05/2017,22939235415
01/06/2017,23009819425
01/07/2017,22843513981
01/08/2017,22998988736
01/09/2017,23091635207
01/10/2017,22532703925
01/11/2017,22676639926
01/12/2017,23040753981
1/13/2017,22119879499
1/14/2017,22409886093
1/15/2017,22419878847
1/16/2017,22395773525
1/17/2017,22742343222
1/18/2017,22420105832
1/19/2017,22228644380
1/20/2017,22369863556
1/21/2017,22405633901
1/22/2017,22118050371
1/23/2017,22267116021
1/24/2017,22081334070
1/25/2017,22329866070
1/26/2017,22478987111
1/27/2017,22449741445
1/28/2017,22219721089
1/29/2017,22393586898
1/30/2017,22234080218
1/31/2017,23010693003
02/01/2017,22534983936
02/02/2017,22623466807
02/03/2017,22508635957
02/04/2017,22623314914
02/05/2017,22331019732
02/06/2017,22488425969
02/07/2017,22381838948
02/08/2017,22770223820
02/09/2017,22865377988
02/10/2017,22403621823
02/11/2017,22195555854
02/12/2017,22626108892
2/13/2017,23210412106
2/14/2017,22818886821
2/15/2017,31915437681
2/16/2017,22602328224
2/17/2017,22533195533
2/18/2017,23057941420
2/19/2017,22391656238
2/20/2017,22466228953
2/21/2017,22569187220
2/22/2017,22844411723
2/23/2017,22741575515
2/24/2017,22755690878
2/25/2017,22580332911
2/26/2017,22771424431
2/27/2017,23193818563
2/28/2017,23580755304
03/01/2017,27402631555
03/02/2017,23609865289
03/03/2017,23008036079
03/04/2017,22752613012
03/05/2017,22459193729
03/06/2017,22683379793
03/07/2017,22439900327
03/08/2017,22717981194
03/09/2017,22460423289
03/10/2017,25715550291
03/11/2017,22822227019
03/12/2017,22944292835
3/13/2017,23503094188
3/14/2017,22958465248
3/15/2017,22877843867
3/16/2017,23318234775
3/17/2017,27329559604
3/18/2017,22588280322
3/19/2017,22676654708
3/20/2017,22485861954
3/21/2017,22401666063
3/22/2017,22752454613
3/23/2017,22541771175
3/24/2017,27441833681
3/25/2017,23012529660
3/26/2017,22249849693
3/27/2017,22247794560
3/28/2017,22247087954
3/29/2017,22264312196
3/30/2017,22337722011
3/31/2017,22421222086
04/01/2017,22145659410
04/02/2017,22176202916
04/03/2017,22176569227
04/04/2017,22335006404
04/05/2017,22438228964
04/06/2017,22774967565
04/07/2017,22133175527
04/08/2017,22134943280
04/09/2017,21963656913
04/10/2017,22330645586
04/11/2017,22007626117
04/12/2017,23067711028
4/13/2017,22310955741
4/14/2017,22257379067
4/15/2017,22240477959
4/16/2017,22100218538
4/17/2017,22255010723
4/18/2017,22747420158
4/19/2017,22626922333
4/20/2017,22480105997
4/21/2017,22819358782
4/22/2017,22631052480
4/23/2017,21898039096
4/24/2017,22992421400
4/25/2017,21734015245
4/26/2017,22048839796
4/27/2017,22377947330
4/28/2017,22130700584
4/29/2017,22799209590
4/30/2017,22541845100
05/01/2017,22989649815
05/02/2017,22975461233
05/03/2017,22182605256
05/04/2017,22523480694
05/05/2017,22905913235
05/06/2017,22254507120
05/07/2017,22863576069
05/08/2017,22304778708
05/09/2017,22419891708
05/10/2017,22141501610
05/11/2017,22276386524
05/12/2017,22224260597
5/13/2017,22176736929
5/14/2017,22054420864
5/15/2017,22225479222
5/16/2017,22338079736
5/17/2017,26658490658
5/18/2017,22641931556
5/19/2017,22510140833
5/20/2017,22578527232
5/21/2017,22366670221
5/22/2017,22950916506
5/23/2017,22876914693
5/24/2017,23511877462
5/25/2017,22627478169
5/26/2017,22767260891
5/27/2017,22312210827
5/28/2017,21916364414
5/29/2017,22429141176
5/30/2017,24758885831
5/31/2017,38210063774
06/01/2017,23808562950
06/02/2017,22913829909
06/03/2017,22677818318
06/04/2017,23508783552
06/05/2017,22886137204
06/06/2017,23539130279
06/07/2017,23555770569
06/08/2017,23571788218
06/09/2017,22518978783
06/10/2017,22422146714
06/11/2017,23843612254
06/12/2017,30391141090
6/13/2017,24903912970
6/14/2017,22812812579
6/15/2017,23411815379
6/16/2017,22083654403
6/17/2017,20940055933
6/18/2017,19777146521
6/19/2017,21054562068
6/20/2017,35606261848
6/21/2017,58264077197
6/22/2017,41150573699
6/23/2017,40960227374
6/24/2017,47309213754
6/25/2017,34521352334
6/26/2017,49580734026
6/27/2017,31580245373
6/28/2017,43482890266
6/29/2017,35022170593
6/30/2017,27223635401
07/01/2017,26689728580
07/02/2017,25581333280
07/03/2017,28117349173
07/04/2017,24664144555
07/05/2017,26133024523
07/06/2017,24841070314
07/07/2017,27021742038
07/08/2017,26089973919
07/09/2017,26860797614
07/10/2017,22840512365
07/11/2017,24575033101
07/12/2017,24301621064
7/13/2017,23629822115
7/14/2017,23119742999
7/15/2017,26644007281
7/16/2017,24225254470
7/17/2017,25008451290
7/18/2017,26922445269
7/19/2017,25859171423
7/20/2017,23785270501
7/21/2017,34121661718
7/22/2017,24728177686
7/23/2017,24411781141
7/24/2017,24993645320
7/25/2017,26699669746
7/26/2017,26644959295
7/27/2017,25759576270
7/28/2017,25160319003
7/29/2017,24073380192
7/30/2017,23908993567
7/31/2017,22305961187
08/01/2017,25462492943
08/02/2017,25145539900
08/03/2017,24881344614
08/04/2017,22630338284
08/05/2017,23984146001
08/06/2017,24293412889
08/07/2017,25187717437
08/08/2017,23836962422
08/09/2017,24062207266
08/10/2017,24244829373
08/11/2017,25055821756
08/12/2017,24802395477
8/13/2017,22053673388
8/14/2017,22124106465
8/15/2017,21732658516
8/16/2017,34716303601
8/17/2017,29045025650
8/18/2017,44653492844
8/19/2017,25853813413
8/20/2017,22972240493
8/21/2017,23061643547
8/22/2017,23423033219
8/23/2017,23256200293
8/24/2017,24488987225
8/25/2017,25311366617
8/26/2017,22816054496
8/27/2017,22152769744
8/28/2017,23023333378
8/29/2017,26062902403
8/30/2017,25922353625
8/31/2017,36202779201
09/01/2017,29038234385
09/02/2017,62682734227
09/03/2017,24625907338
09/04/2017,27792328086
09/05/2017,30139309787
09/06/2017,36519706124
09/07/2017,36147491376
09/08/2017,42275877643
09/09/2017,29941043195
09/10/2017,36135150446
09/11/2017,26441744516
09/12/2017,28430040166
9/13/2017,27123610125
9/14/2017,28372005082
9/15/2017,35527257414
9/16/2017,35281116400
9/17/2017,32847109838
9/18/2017,27527967857
9/19/2017,28240983765
9/20/2017,30102925181
9/21/2017,23983898010
9/22/2017,24379043547
9/23/2017,23562292733
9/24/2017,28226701571
9/25/2017,25547420148
9/26/2017,24571949910
9/27/2017,26548967736
9/28/2017,25409632808
9/29/2017,23184436268
9/30/2017,26231412090
10/01/2017,24190581701
10/02/2017,25376879520
10/03/2017,23882103385
10/04/2017,23689836678
10/05/2017,24302843665
10/06/2017,25759310387
10/07/2017,22705744740
10/08/2017,24091593642
10/09/2017,24174030452
10/10/2017,25058292801
10/11/2017,30039329444
10/12/2017,24512657109
10/13/2017,26489325565
10/14/2017,24196653845
10/15/2017,23514174126
10/16/2017,16678649826
10/17/2017,14194850634
10/18/2017,14081137033
10/19/2017,12235259269
10/20/2017,14610349751
10/21/2017,12128683877
10/22/2017,10751750663
10/23/2017,13780011469
10/24/2017,14415708346
10/25/2017,12720316553
10/26/2017,12385996259
10/27/2017,11545392383
10/28/2017,10491940195
10/29/2017,10371979124
10/30/2017,11808258897
10/31/2017,13692446133
11/01/2017,14979336359
11/02/2017,15919836477
11/03/2017,12781813101
11/04/2017,11624799927
11/05/2017,10703460687
11/06/2017,10433598351
11/07/2017,13393206633
11/08/2017,16154783877
11/09/2017,15785570759
11/10/2017,15036090671
11/11/2017,15394750336
11/12/2017,18011273725
11/13/2017,16603636136
11/14/2017,16704405736
11/15/2017,17408995522
11/16/2017,16023943398
11/17/2017,16406020669
11/18/2017,13339014477
11/19/2017,14229082585
11/20/2017,16089304528
11/21/2017,17548793491
11/22/2017,16469836119
11/23/2017,15992127664
11/24/2017,15456892039
11/25/2017,12891179323
11/26/2017,14953923259
11/27/2017,15537337870
11/28/2017,16779210323
11/29/2017,17499867713
11/30/2017,16354038320
12/01/2017,14561757161
12/02/2017,13179215357
12/03/2017,14068434201
12/04/2017,21962218932
12/05/2017,30921177676
12/06/2017,42116421717
12/07/2017,59656597683
12/08/2017,61102848374
12/09/2017,55563635227
12/10/2017,43572173439
12/11/2017,35272081823
12/12/2017,38367405491
12/13/2017,38631503447
12/14/2017,41791954659
12/15/2017,35432934113
12/16/2017,35296363949
12/17/2017,29121338315
12/18/2017,27442929390
12/19/2017,34330952644
12/20/2017,41559360197
12/21/2017,41640835518
12/22/2017,40786863196
12/23/2017,33285710975
12/24/2017,30228420219
12/25/2017,26111076108
12/26/2017,25927218047
12/27/2017,25108575762
12/28/2017,24132948080
12/29/2017,25027593719
12/30/2017,24163343242
12/31/2017,24709168252
01/01/2018,23306357402
01/02/2018,26315022737
01/03/2018,27919698108
01/04/2018,33357029107
01/05/2018,84460889356
01/06/2018,95788574583
01/07/2018,74588438927
01/08/2018,73644673858
01/09/2018,76790296973
01/10/2018,95442073535
01/11/2018,82600430565
01/12/2018,60014533220
1/13/2018,63717170951
1/14/2018,58397110440
1/15/2018,53860527328
1/16/2018,54778776336
1/17/2018,52114059603
1/18/2018,53748001984
1/19/2018,51161244711
1/20/2018,51085545977
1/21/2018,40356756648
1/22/2018,33802546511
1/23/2018,39247302060
1/24/2018,37646911483
1/25/2018,33569002791
1/26/2018,28114173259
1/27/2018,27546279427
1/28/2018,27800189170
1/29/2018,37028443300
1/30/2018,30081646328
1/31/2018,29402730461
02/01/2018,40436332603
02/02/2018,35386250064
02/03/2018,29301000333
02/04/2018,29029951503
02/05/2018,26867195837
02/06/2018,27964527864
02/07/2018,26694182218
02/08/2018,24968333160
02/09/2018,22856286885
02/10/2018,23836230354
02/11/2018,21902813565
02/12/2018,20824108310
2/13/2018,21675219499
2/14/2018,22501126990
2/15/2018,21565784189
2/16/2018,21590561665
2/17/2018,21836733413
2/18/2018,23119908681
2/19/2018,19905796465
2/20/2018,20246730594
2/21/2018,19358082715
2/22/2018,17902757911
2/23/2018,18833737841
2/24/2018,19384760070
2/25/2018,16760068675
2/26/2018,17771487138
2/27/2018,17894714377
2/28/2018,20187807483
03/01/2018,18473527342
03/02/2018,20451455718
03/03/2018,16322757085
03/04/2018,17306576278
03/05/2018,19642692604
03/06/2018,18179260115
03/07/2018,19767121442
03/08/2018,18357044883
03/09/2018,17752199400
03/10/2018,14790736580
03/11/2018,13799398206
03/12/2018,15351654962
3/13/2018,13206717876
3/14/2018,14203805847
3/15/2018,14353164971
3/16/2018,16340801409
3/17/2018,12252599210
3/18/2018,12747853336
3/19/2018,13093728143
3/20/2018,13429840214
3/21/2018,14142299137
3/22/2018,14406721931
3/23/2018,15620447607
3/24/2018,13781856544
3/25/2018,13537750854
3/26/2018,18175711428
3/27/2018,14361185569
3/28/2018,14632876426
3/29/2018,15636728747
3/30/2018,12774734071
3/31/2018,11477477292
04/01/2018,11102468465
04/02/2018,12126196454
04/03/2018,12293014582
04/04/2018,10971643800
04/05/2018,15470303694
04/06/2018,13576704140
04/07/2018,10753965447
04/08/2018,10486377770
04/09/2018,11897226799
04/10/2018,12186519151
04/11/2018,12413186820
04/12/2018,13472050250
4/13/2018,15622290969
4/14/2018,12185010900
4/15/2018,11501339825
4/16/2018,11892614029
4/17/2018,12173043612
4/18/2018,14288533754
4/19/2018,12808754360
4/20/2018,12534360242
4/21/2018,11341532081
4/22/2018,11663977885
4/23/2018,12244561688
4/24/2018,14321823448
4/25/2018,13557508252
4/26/2018,14271989942
4/27/2018,14685431596
4/28/2018,17582460945
4/29/2018,15442471407
4/30/2018,16262401104
05/01/2018,14281953004
05/02/2018,14722424091
05/03/2018,16368874314
05/04/2018,14696638866
05/05/2018,13440494470
05/06/2018,13668120194
05/07/2018,13631658303
05/08/2018,16204375940
05/09/2018,15052534314
05/10/2018,18434177249
05/11/2018,18760220475
05/12/2018,13466355305
5/13/2018,14402165925
5/14/2018,18385997794
5/15/2018,18370030387
5/16/2018,18298682673
5/17/2018,18994356610
5/18/2018,18721721358
5/19/2018,17766897892
5/20/2018,16896601978
5/21/2018,17929703654
5/22/2018,19404072640
5/23/2018,19763806846
5/24/2018,18505927074
5/25/2018,18300433853
5/26/2018,15815615114
5/27/2018,14776104835
5/28/2018,21322427757
5/29/2018,21228260655
5/30/2018,21433398617
5/31/2018,26020776841
06/01/2018,22281817392
06/02/2018,16102612105
06/03/2018,15436188157
06/04/2018,19065322604
06/05/2018,17186633256
06/06/2018,19741822241
06/07/2018,16981460044
06/08/2018,15945608934
06/09/2018,12618229591
06/10/2018,12552615017
06/11/2018,13950267534
06/12/2018,14048931400
6/13/2018,14416451849
6/14/2018,15916958110
6/15/2018,16804997297
6/16/2018,24848435239
6/17/2018,11225914551
6/18/2018,11823977189
6/19/2018,14427312991
6/20/2018,13472257819
6/21/2018,13047918845
6/22/2018,38878511772
6/23/2018,14029394940
6/24/2018,16163435399
6/25/2018,15637044897
6/26/2018,12011100131
6/27/2018,12446563365
6/28/2018,11696277117
6/29/2018,12115784768
6/30/2018,34210516007
07/01/2018,59842298209
07/02/2018,86348485003
07/03/2018,82063750329
07/04/2018,59083789609
07/05/2018,48722316331
07/06/2018,70207114167
07/07/2018,60236707195
07/08/2018,35585852337
07/09/2018,25829787141
07/10/2018,21324119980
07/11/2018,19054597794
07/12/2018,29189063475
7/13/2018,29846792155
7/14/2018,57677945355
7/15/2018,48216188725
7/16/2018,18562899613
7/17/2018,17548648323
7/18/2018,15413432909
7/19/2018,13033482562
7/20/2018,15878840129
7/21/2018,15826395751
7/22/2018,11032570831
7/23/2018,15546838989
7/24/2018,15414715967
7/25/2018,13351179160
7/26/2018,12324821471
7/27/2018,10745209264
7/28/2018,11542424148
7/29/2018,9257167474
7/30/2018,10934695303
7/31/2018,11023798202
08/01/2018,36681296496
08/02/2018,10200915813
08/03/2018,10514159674
08/04/2018,9924637420
08/05/2018,8072326506
08/06/2018,12535927147
08/07/2018,25250639628
08/08/2018,57398987243
08/09/2018,53118840657
08/10/2018,34476266415
08/11/2018,14836056985
08/12/2018,10976239504
8/13/2018,14813774854
8/14/2018,16051359286
8/15/2018,15051933577
8/16/2018,12638796914
8/17/2018,39211744629
8/18/2018,16113373784
8/19/2018,14361319521
8/20/2018,12426913415
8/21/2018,13046942385
8/22/2018,17019976734
8/23/2018,14051914381
8/24/2018,21501969162
8/25/2018,11428670781
8/26/2018,16106529314
8/27/2018,12387120423
8/28/2018,12808584631
8/29/2018,17290135695
8/30/2018,13559213793
8/31/2018,14419214330
09/01/2018,11043181909
09/02/2018,10276825820
09/03/2018,12111122355
09/04/2018,13885223845
09/05/2018,12606166478
09/06/2018,14951867224
09/07/2018,14734121984
09/08/2018,12166983189
09/09/2018,12538460676
09/10/2018,13452874427
09/11/2018,15682663024
09/12/2018,16182751014
9/13/2018,16645393282
9/14/2018,14645624925
9/15/2018,13261799419
9/16/2018,13161379589
9/17/2018,15406825205
9/18/2018,25201881762
9/19/2018,19871422869
9/20/2018,15892963469
9/21/2018,18242050701
9/22/2018,14429730599
9/23/2018,13141149214
9/24/2018,16838604807
9/25/2018,16972035503
9/26/2018,16344658408
9/27/2018,16744302672
9/28/2018,18138439166
9/29/2018,21874799566
9/30/2018,16556363668
10/01/2018,18941010255
10/02/2018,19034870185
10/03/2018,13248714205
10/04/2018,13254100643
10/05/2018,13568425987
10/06/2018,9435830094
10/07/2018,11769350664
10/08/2018,14576687784
10/09/2018,12984496071
10/10/2018,15893091379
10/11/2018,15385072382
10/12/2018,29285035983
10/13/2018,11594824099
10/14/2018,11723908779
10/15/2018,15629941859
10/16/2018,12735518129
10/17/2018,13443082264
10/18/2018,13150134317
10/19/2018,13701804233
10/20/2018,13289407017
10/21/2018,12030570166
10/22/2018,13162272626
10/23/2018,14521834338
10/24/2018,15173388388
10/25/2018,16014791521
10/26/2018,16417658883
10/27/2018,14137366445
10/28/2018,12960915217
10/29/2018,14943596679
10/30/2018,14925838057
10/31/2018,14904469017
11/01/2018,14202259616
11/02/2018,15183112207
11/03/2018,16145620959
11/04/2018,13064568368
11/05/2018,16749446191
11/06/2018,17333551729
11/07/2018,16337162082
11/08/2018,18892302279
11/09/2018,15752819992
11/10/2018,12031282399
11/11/2018,10621852227
11/12/2018,14368146227
11/13/2018,15059123069
11/14/2018,17416039750
11/15/2018,18474728790
11/16/2018,16120812190
11/17/2018,13275250100
11/18/2018,14895978165
11/19/2018,17028262287
11/20/2018,17960754304
11/21/2018,15269813534
11/22/2018,15007551180
11/23/2018,15807815573
11/24/2018,15420458863
11/25/2018,16305637620
11/26/2018,16319129861
11/27/2018,14675345264
11/28/2018,16292970940
11/29/2018,20346219794
11/30/2018,22652461526
12/01/2018,17360683398
12/02/2018,15744999974
12/03/2018,17352151387
12/04/2018,17192821913
12/05/2018,17707618986
12/06/2018,16361316325
12/07/2018,16593133453
12/08/2018,12334654966
12/09/2018,11985499611
12/10/2018,13943396527
12/11/2018,14800362183
12/12/2018,14460515241
12/13/2018,17612949432
12/14/2018,29183615469
12/15/2018,12752651260
12/16/2018,11777989321
12/17/2018,13823213704
12/18/2018,31672019232
12/19/2018,15897547045
12/20/2018,15781758963
12/21/2018,15818617345
12/22/2018,14021469358
12/23/2018,14622664850
12/24/2018,16608758417
12/25/2018,14765402060
12/26/2018,24477635489
12/27/2018,13530493595
12/28/2018,14151079675
12/29/2018,12984151825
12/30/2018,15843483124
12/31/2018,13844116120
01/01/2019,14330651283
01/02/2019,13518333631
01/03/2019,12695511480
01/04/2019,14197164275
01/05/2019,24120227063
01/06/2019,13443565864
01/07/2019,15727137336
01/08/2019,13679045245
01/09/2019,13525936033
01/10/2019,15364969669
01/11/2019,13631672273
01/12/2019,12182668844
1/13/2019,12299362181
1/14/2019,19179700938
1/15/2019,18403886289
1/16/2019,20629866067
1/17/2019,13639170146
1/18/2019,14390713391
1/19/2019,12427478085
1/20/2019,12387866392
1/21/2019,13567626739
1/22/2019,18561474026
1/23/2019,13308904468
1/24/2019,14394162195
1/25/2019,13857565780
1/26/2019,12616710414
1/27/2019,11788620538
1/28/2019,15213901906
1/29/2019,12439032644
1/30/2019,13051979777
1/31/2019,14209971121
02/01/2019,13234562600
02/02/2019,12000569516
02/03/2019,11637460620
02/04/2019,12082194503
02/05/2019,12593215644
02/06/2019,12593166346
02/07/2019,14057368181
02/08/2019,13310836398
02/09/2019,12390959208
02/10/2019,12847065310
02/11/2019,13977805236
02/12/2019,13012487105
2/13/2019,13713241302
2/14/2019,19148327564
2/15/2019,14753437258
2/16/2019,13510079150
2/17/2019,13757940835
2/18/2019,17094399315
2/19/2019,3.73906E+11
2/20/2019,16098676684
2/21/2019,15306757881
2/22/2019,14913439608
2/23/2019,14039107293
2/24/2019,16251853700
2/25/2019,17020990610
2/26/2019,17415861033
2/27/2019,16334617513
2/28/2019,18834674068
03/01/2019,12974077284
03/02/2019,12153807142
03/03/2019,12061882513
03/04/2019,12666122902
03/05/2019,13496902482
03/06/2019,14045984060
03/07/2019,13740882181
03/08/2019,13479470622
03/09/2019,11957111022
03/10/2019,12106103256
03/11/2019,12484460496
03/12/2019,12238102548
3/13/2019,11704565023
3/14/2019,11052545157
3/15/2019,11016047852
3/16/2019,10383394399
3/17/2019,14577386112
3/18/2019,1.95879E+11
3/19/2019,13115885101
3/20/2019,12179174942
3/21/2019,13904796043
3/22/2019,12584442788
3/23/2019,10993968628
3/24/2019,11003609358
3/25/2019,12549223821
3/26/2019,13059718677
3/27/2019,13596847307
3/28/2019,12197114669
3/29/2019,12576130900
3/30/2019,10413550419
3/31/2019,10558447429
04/01/2019,12552870066
04/02/2019,13857811373
04/03/2019,16783552076
04/04/2019,13718910474
04/05/2019,11844298751
04/06/2019,10759382633
04/07/2019,11332764771
04/08/2019,12537949552
04/09/2019,12040035380
04/10/2019,15258127612
04/11/2019,12499489602
04/12/2019,11673635693
4/13/2019,10652876605
4/14/2019,10388886423
4/15/2019,10617255578
4/16/2019,10784749556
4/17/2019,11272692912
4/18/2019,11933245058
4/19/2019,11036616753
4/20/2019,8988625935
4/21/2019,9504825894
4/22/2019,10745867154
4/23/2019,11225045012
4/24/2019,12141527708
4/25/2019,10528010066
4/26/2019,12095560071
4/27/2019,9632992552
4/28/2019,9399212617
4/29/2019,10356343230
4/30/2019,10119622328
05/01/2019,9786414125
05/02/2019,40480290586
05/03/2019,10997063020
05/04/2019,10092628539
05/05/2019,9698121519
05/06/2019,10589774139
05/07/2019,12582212961
05/08/2019,10988087035
05/09/2019,10636414510
05/10/2019,11387738585
05/11/2019,10905004770
05/12/2019,10835160355
5/13/2019,13689484729
5/14/2019,13338733306
5/15/2019,16275386400
5/16/2019,21005575115
5/17/2019,18212850135
5/18/2019,14709151796
5/19/2019,14046405891
5/20/2019,15523993957
5/21/2019,12949937514
5/22/2019,16439389013
5/23/2019,14469157604
5/24/2019,15059891209
5/25/2019,12137206615
5/26/2019,10795166754
5/27/2019,14709981473
5/28/2019,15120065441
5/29/2019,16609583268
5/30/2019,17362707848
5/31/2019,15875042148
06/01/2019,13503119540
06/02/2019,10838097166
06/03/2019,13640935323
06/04/2019,14336552294
06/05/2019,14726678555
06/06/2019,12778204456
06/07/2019,13551596264
06/08/2019,17865004622
06/09/2019,11772205947
06/10/2019,18767554680
06/11/2019,15302451335
06/12/2019,10704744804
6/13/2019,12498549026
6/14/2019,14507586823
6/15/2019,16655327552
6/16/2019,11744583227
6/17/2019,18033291141
6/18/2019,14140107747
6/19/2019,15149051110
6/20/2019,19171082160
6/21/2019,13132476474
6/22/2019,13079405563
6/23/2019,12904678821
6/24/2019,14343913979
6/25/2019,18442820009
6/26/2019,18226501386
6/27/2019,20536617245
6/28/2019,17836887762
6/29/2019,14969393891
6/30/2019,16147637271
07/01/2019,19512205713
07/02/2019,15735865298
07/03/2019,13480141945
07/04/2019,12364123019
07/05/2019,14987264501
07/06/2019,14142027457
07/07/2019,11147195619
07/08/2019,15397601493
07/09/2019,13383300658
07/10/2019,12326418288
07/11/2019,17687551350
07/12/2019,13888489542
7/13/2019,11680585984
7/14/2019,14577611095
7/15/2019,14426857237
7/16/2019,22122486062
7/17/2019,19083353124
7/18/2019,13195635523
7/19/2019,17348942255
7/20/2019,11840097601
7/21/2019,12479706324
7/22/2019,12142840638
7/23/2019,13450918814
7/24/2019,18814448444
7/25/2019,17932204080
7/26/2019,12838413297
7/27/2019,11947823376
7/28/2019,10847884346
7/29/2019,12397806559
7/30/2019,12981815912
7/31/2019,13135247596
08/01/2019,18322408906
08/02/2019,14823555455
08/03/2019,17617275530
08/04/2019,10409458393
08/05/2019,12210509054
08/06/2019,12165349434
08/07/2019,11738350907
08/08/2019,12955325988
08/09/2019,13282666611
08/10/2019,12206554100
08/11/2019,11603713466
08/12/2019,12880972727
8/13/2019,18843208007
8/14/2019,12123884054
8/15/2019,14148150754
8/16/2019,12115168092
8/17/2019,10569108357
8/18/2019,11034378823
8/19/2019,13799990972
8/20/2019,13732033156
8/21/2019,16137663683
8/22/2019,14728994674
8/23/2019,13885136910
8/24/2019,12922493779
8/25/2019,13825531935
8/26/2019,17091718069
8/27/2019,14643027992
8/28/2019,14687429096
8/29/2019,14972039939
8/30/2019,14683175769
8/31/2019,14081874858
09/01/2019,14737729279
09/02/2019,15926990579
09/03/2019,14923674985
09/04/2019,14800053906
09/05/2019,18537447007
09/06/2019,18511322392
09/07/2019,17638675225
09/08/2019,18529952052
09/09/2019,20493754439
09/10/2019,21909433505
09/11/2019,21354287415
09/12/2019,22875111264
9/13/2019,22002957173
9/14/2019,22838238246
9/15/2019,22247768825
9/16/2019,22828478879
9/17/2019,26408295258
9/18/2019,28400755958
9/19/2019,29790611153
9/20/2019,28547468411
9/21/2019,23160146334
9/22/2019,20620710292
9/23/2019,25273983935
9/24/2019,29005803910
9/25/2019,34523331716
9/26/2019,24844463848
9/27/2019,25309113745
9/28/2019,22571983572
9/29/2019,23509644437
9/30/2019,21698036057
10/01/2019,14792630237
10/02/2019,14784178819
10/03/2019,16416641528
10/04/2019,16620612726
10/05/2019,15308020009
10/06/2019,13863525470
10/07/2019,14672557297
10/08/2019,14792097829
10/09/2019,16947877071
10/10/2019,15841678706
10/11/2019,15370015405
10/12/2019,14536181143
10/13/2019,15214219663
10/14/2019,15219524599
10/15/2019,15110469830
10/16/2019,14449734443
10/17/2019,14111516782
10/18/2019,14295776270
10/19/2019,14181262788
10/20/2019,15579342674
10/21/2019,15275793403
10/22/2019,16354366795
10/23/2019,18828418999
10/24/2019,15247927380
10/25/2019,16022315848
10/26/2019,16003775608
10/27/2019,14662908845
10/28/2019,16063415762
10/29/2019,16275212916
10/30/2019,16158350778
10/31/2019,15988367551
11/01/2019,15357755865
11/02/2019,14245599208
11/03/2019,14596844718
11/04/2019,15086847398
11/05/2019,14471734891
11/06/2019,13890291945
11/07/2019,17205356282
11/08/2019,14143518466
11/09/2019,14334783126
11/10/2019,13888122126
11/11/2019,14764625146
11/12/2019,14527702801
11/13/2019,14942230244
11/14/2019,15987898238
11/15/2019,14426485520
11/16/2019,13100698613
11/17/2019,13599253833
11/18/2019,21613413943
11/19/2019,14275368805
11/20/2019,15039835571
11/21/2019,17827294565
11/22/2019,23870653045
11/23/2019,13470958455
11/24/2019,13759387353
11/25/2019,20123981060
11/26/2019,16321234587
11/27/2019,14460479877
11/28/2019,14616747830
11/29/2019,13456025432
11/30/2019,13169970955
12/01/2019,16157752499
12/02/2019,15214773817
12/03/2019,13985120429
12/04/2019,13990237704
12/05/2019,13294192486
12/06/2019,13469631277
12/07/2019,12143075170
12/08/2019,9619578683
12/09/2019,11586206259
12/10/2019,12196873088
12/11/2019,13193611413
12/12/2019,12094101016
12/13/2019,12025417709
12/14/2019,11649625168
12/15/2019,12379589133
12/16/2019,13569145225
12/17/2019,15434108069
12/18/2019,16536921861
12/19/2019,12757474902
12/20/2019,12994689673
12/21/2019,11587579022
12/22/2019,11038288256
12/23/2019,12723118611
12/24/2019,11744086945
12/25/2019,11924668484
12/26/2019,11931708420
12/27/2019,12102235247
12/28/2019,11826353778
12/29/2019,11250754288
12/30/2019,11988751334
12/31/2019,14031976089
01/01/2020,11664054350
01/02/2020,10566318855
01/03/2020,11494907509
01/04/2020,9665112896
01/05/2020,9764148415
01/06/2020,10997805904
01/07/2020,10476977187
01/08/2020,11402214882
01/09/2020,10881434074
01/10/2020,12318556369
01/11/2020,11171702430
01/12/2020,10928063165
1/13/2020,11068867087
1/14/2020,15755682033
1/15/2020,11175554900
1/16/2020,9897575973
1/17/2020,10666145544
1/18/2020,10821750721
1/19/2020,10370811614
1/20/2020,9628463648
1/21/2020,9526614167
1/22/2020,9941370322
1/23/2020,8959850620
1/24/2020,8301467582
1/25/2020,7514852406
1/26/2020,7320700832
1/27/2020,8606813919
1/28/2020,8449745457
1/29/2020,8556877569
1/30/2020,9069894645
1/31/2020,8965856518
02/01/2020,9214472279
02/02/2020,9053826022
02/03/2020,9835898300
02/04/2020,11701932888
02/05/2020,12407461484
02/06/2020,12978312165
02/07/2020,13091705996
02/08/2020,11679918227
02/09/2020,11228783936
02/10/2020,11353255565
02/11/2020,11193602823
02/12/2020,12709993893
2/13/2020,13279071654
2/14/2020,12617650524
2/15/2020,13115693731
2/16/2020,12554000920
2/17/2020,11971133911
2/18/2020,11188045875
2/19/2020,12083070512
2/20/2020,12008669668
2/21/2020,9495219870
2/22/2020,10362297210
2/23/2020,12958605117
2/24/2020,12107326473
2/25/2020,11691532540
2/26/2020,14289989019
2/27/2020,11864912418
2/28/2020,11792525152
2/29/2020,9999559185
03/01/2020,10366775236
03/02/2020,10060971157
03/03/2020,10710921879
03/04/2020,10913931285
03/05/2020,11518999227
03/06/2020,11201545592
03/07/2020,10988477092
03/08/2020,13029367486
03/09/2020,14200494445
03/10/2020,11528169360
03/11/2020,12884305108
03/12/2020,77903244661
3/13/2020,84761822515
3/14/2020,16662648149
3/15/2020,14364979897
3/16/2020,29714620709
3/17/2020,18731740624
3/18/2020,15707758551
3/19/2020,18322233968
3/20/2020,16360326781
3/21/2020,12414614632
3/22/2020,12942212470
3/23/2020,14465400762
3/24/2020,13687447647
3/25/2020,13756761814
3/26/2020,13022719834
3/27/2020,12546794673
3/28/2020,11413783523
3/29/2020,11020301161
3/30/2020,11884805218
3/31/2020,13067204139
04/01/2020,12158641023
04/02/2020,13091171982
04/03/2020,12546736213
04/04/2020,10643758163
04/05/2020,10421896817
04/06/2020,14386395350
04/07/2020,13013528020
04/08/2020,11576580760
04/09/2020,12277136032
04/10/2020,12269003782
04/11/2020,11327484697
04/12/2020,9800432922
4/13/2020,11939777888
4/14/2020,12300384022
4/15/2020,11635342378
4/16/2020,15064682211
4/17/2020,12248271015
4/18/2020,12700922618
4/19/2020,12031541144
4/20/2020,13770276031
4/21/2020,13970900436
4/22/2020,14191692798
4/23/2020,14371184956
4/24/2020,13771090303
4/25/2020,12538831783
4/26/2020,13439926391
4/27/2020,13918385493
4/28/2020,13052985766
4/29/2020,18452757606
4/30/2020,23829583393
05/01/2020,13888475283
05/02/2020,11389301751
05/03/2020,12521236484
05/04/2020,14983023765
05/05/2020,15502345363
05/06/2020,17933308369
05/07/2020,20866831524
05/08/2020,20580766613
05/09/2020,17823163632
05/10/2020,30507432603
05/11/2020,24022502727
05/12/2020,27066815386
5/13/2020,32980999573
5/14/2020,41116263713
5/15/2020,32000157331
5/16/2020,25477191550
5/17/2020,27103939904
5/18/2020,36508693750
5/19/2020,33240461791
5/20/2020,36510632877
5/21/2020,48851382307
5/22/2020,35001330711
5/23/2020,22171704727
5/24/2020,29040279475
5/25/2020,38094676834
5/26/2020,37860437126
5/27/2020,42827563449
5/28/2020,39750197752
5/29/2020,34983980235
5/30/2020,33659377964
5/31/2020,28385719806
06/01/2020,32379485381
06/02/2020,36613726636
06/03/2020,29769950061
06/04/2020,31888384257
06/05/2020,32258089816
06/06/2020,38721024282
06/07/2020,40787069912
06/08/2020,41524824461
06/09/2020,37266087486
06/10/2020,5.81876E+11
06/11/2020,7.09708E+11
06/12/2020,35616566860
6/13/2020,29377910098
6/14/2020,24230716812
6/15/2020,43250992524
6/16/2020,40533137609
6/17/2020,42028712404
6/18/2020,38424496007
6/19/2020,39365512466
6/20/2020,29553002666
6/21/2020,29937373565
6/22/2020,41302954545
6/23/2020,45491287860
6/24/2020,46589720161
6/25/2020,42575132701
6/26/2020,38176707953
6/27/2020,36769845271
6/28/2020,35078209646
6/29/2020,39552762105
6/30/2020,52294541588
07/01/2020,47358992980
07/02/2020,42603951322
07/03/2020,44742407160
07/04/2020,33268484751
07/05/2020,31655035139
07/06/2020,40437764877
07/07/2020,40907231924
07/08/2020,52093643866
07/09/2020,47477907527
07/10/2020,38637254876
07/11/2020,33735159452
07/12/2020,32085351933
7/13/2020,50960828747
7/14/2020,44351239353
7/15/2020,51587477037
7/16/2020,55735259161
7/17/2020,58219936374
7/18/2020,50656559485
7/19/2020,54609003475
7/20/2020,70536742504
7/21/2020,75884344678
7/22/2020,72342074874
7/23/2020,81533077820
7/24/2020,76416250014
7/25/2020,82224184318
7/26/2020,72868554221
7/27/2020,96651241529
7/28/2020,71667637214
7/29/2020,74335028131
7/30/2020,71596140466
7/31/2020,78904447180
08/01/2020,63846952921
08/02/2020,79704212228
08/03/2020,69980285209
08/04/2020,59805862058
08/05/2020,55170121710
08/06/2020,60216328698
08/07/2020,75118872696
08/08/2020,68308662136
08/09/2020,77549796325
08/10/2020,1.18331E+11
08/11/2020,1.30226E+11
08/12/2020,2.23687E+11
8/13/2020,2.63647E+11
8/14/2020,2.14594E+11
8/15/2020,1.2128E+11
8/16/2020,1.03406E+11
8/17/2020,1.15609E+11
8/18/2020,1.32627E+11
8/19/2020,1.38374E+11
8/20/2020,1.1649E+11
8/21/2020,1.61842E+11
8/22/2020,1.07429E+11
8/23/2020,86163918808
8/24/2020,98937713405
8/25/2020,1.10741E+11
8/26/2020,93103481649
8/27/2020,97826615038
8/28/2020,93087752585
8/29/2020,1.02908E+11
8/30/2020,2.11899E+11
8/31/2020,2.36124E+11
09/01/2020,4.45945E+11
09/02/2020,4.80096E+11
09/03/2020,3.91331E+11
09/04/2020,2.32291E+11
09/05/2020,2.76608E+11
09/06/2020,1.29483E+11
09/07/2020,1.12638E+11
09/08/2020,1.03775E+11
09/09/2020,1.2049E+11
09/10/2020,1.79315E+11
09/11/2020,1.4723E+11
09/12/2020,1.07403E+11
9/13/2020,1.20533E+11
9/14/2020,1.995E+11
9/15/2020,1.86693E+11
9/16/2020,1.52924E+11
9/17/2020,5.38007E+11
9/18/2020,3.18643E+11
9/19/2020,1.7432E+11
9/20/2020,1.3289E+11
9/21/2020,1.76908E+11
9/22/2020,1.59389E+11
9/23/2020,1.28841E+11
9/24/2020,1.09209E+11
9/25/2020,1.02667E+11
9/26/2020,83509486824
9/27/2020,86032333679
9/28/2020,1.21962E+11
9/29/2020,1.53891E+11
9/30/2020,1.19863E+11
10/01/2020,1.00692E+11
10/02/2020,93806763969
10/03/2020,79724495395
10/04/2020,83002261988
10/05/2020,90700178586
10/06/2020,1.09233E+11
10/07/2020,85972225652
10/08/2020,87114899986
10/09/2020,80387358281
10/10/2020,64197264627
10/11/2020,49653860265
10/12/2020,76063541206
10/13/2020,75080099063
10/14/2020,75643030426
10/15/2020,74178882628
10/16/2020,63068023041
10/17/2020,36291623945
10/18/2020,40183042347
10/19/2020,56873119620
10/20/2020,61935567910
10/21/2020,74178258309
10/22/2020,63311659678
10/23/2020,58483044067
10/24/2020,32203857762
10/25/2020,33050174347
10/26/2020,55960128939
10/27/2020,43438225272
10/28/2020,64546938423
10/29/2020,68638448298
10/30/2020,63336696249
10/31/2020,40821601761
11/01/2020,33958389367
11/02/2020,59556293025
11/03/2020,44994623512
11/04/2020,36929765158
11/05/2020,50351219255
11/06/2020,59743475915
11/07/2020,55699556300
11/08/2020,29270287574
11/09/2020,43036804081
11/10/2020,50067322104
11/11/2020,52469222811
11/12/2020,58433082358
11/13/2020,54834222262
11/14/2020,34540619732
11/15/2020,34544174003
11/16/2020,47985935398
11/17/2020,74866465876
11/18/2020,80394403719
11/19/2020,46783318521
11/20/2020,68357121233
11/21/2020,66371016498
11/22/2020,62695231579
11/23/2020,76578870525
11/24/2020,93649625593
11/25/2020,61060602390
11/26/2020,1.42518E+11
11/27/2020,45168615208
11/28/2020,34986023055
11/29/2020,30780782615
11/30/2020,78983988030
12/01/2020,87210450983
12/02/2020,44017238565
12/03/2020,47047850997
12/04/2020,54133415152
12/05/2020,37247774997
12/06/2020,36457991314
12/07/2020,50119786947
12/08/2020,64453892343
12/09/2020,65315353811
12/10/2020,56230297216
12/11/2020,63672809905
12/12/2020,42794623984
12/13/2020,45496784769
12/14/2020,63655438361
12/15/2020,84560575140
12/16/2020,83601467306
12/17/2020,1.38818E+11
12/18/2020,74197672209
12/19/2020,70165553145
12/20/2020,44525185130
12/21/2020,80001622383
12/22/2020,66555945514
12/23/2020,1.08363E+11
12/24/2020,89685037081
12/25/2020,91695148943
12/26/2020,66456740443
12/27/2020,98656135135
12/28/2020,1.1419E+11
12/29/2020,96068312188
12/30/2020,1.13635E+11
12/31/2020,99481529136
01/01/2021,66560418720
01/02/2021,1.02606E+11
01/03/2021,1.70448E+11
01/04/2021,2.59309E+11
01/05/2021,1.38144E+11
01/06/2021,1.2511E+11
01/07/2021,1.33169E+11
01/08/2021,1.39786E+11
01/09/2021,92563339823
01/10/2021,87310659101
01/11/2021,2.38075E+11
01/12/2021,87031984990
1/13/2021,67945681638
1/14/2021,85478387564
1/15/2021,94274611075
1/16/2021,81160820583
1/17/2021,63895643119
1/18/2021,75294263372
1/19/2021,1.0088E+11
1/20/2021,83504044289
1/21/2021,1.21059E+11
1/22/2021,1.31622E+11
1/23/2021,80179001262
1/24/2021,81094537437
1/25/2021,1.08165E+11
1/26/2021,85152958296
1/27/2021,1.00001E+11
1/28/2021,94810705889
1/29/2021,1.40718E+11
1/30/2021,1.1328E+11
1/31/2021,1.28793E+11
02/01/2021,1.5367E+11
02/02/2021,1.75725E+11
02/03/2021,1.73453E+11
02/04/2021,2.32624E+11
02/05/2021,2.52332E+11
02/06/2021,1.7964E+11
02/07/2021,1.6007E+11
02/08/2021,2.12876E+11
02/09/2021,2.33574E+11
02/10/2021,2.13089E+11
02/11/2021,1.75207E+11
02/12/2021,1.80073E+11
2/13/2021,1.88806E+11
2/14/2021,1.50406E+11
2/15/2021,1.78715E+11
2/16/2021,1.7304E+11
2/17/2021,1.73353E+11
2/18/2021,1.83087E+11
2/19/2021,1.86186E+11
2/20/2021,2.01536E+11
2/21/2021,1.44972E+11
2/22/2021,2.72678E+11
2/23/2021,3.73797E+11
2/24/2021,2.10131E+11
2/25/2021,1.65094E+11
2/26/2021,1.58443E+11
2/27/2021,1.18466E+11
2/28/2021,1.17852E+11
03/01/2021,1.18599E+11
03/02/2021,1.24935E+11
03/03/2021,1.30986E+11
03/04/2021,1.12789E+11
03/05/2021,1.37794E+11
03/06/2021,99200636716
03/07/2021,1.32473E+11
03/08/2021,1.3716E+11
03/09/2021,1.4039E+11
03/10/2021,1.34144E+11
03/11/2021,1.32247E+11
03/12/2021,1.7178E+11
3/13/2021,1.62674E+11
3/14/2021,1.49069E+11
3/15/2021,1.89463E+11
3/16/2021,1.88701E+11
3/17/2021,1.93802E+11
3/18/2021,1.77581E+11
3/19/2021,1.588E+11
3/20/2021,1.41123E+11
3/21/2021,1.38089E+11
3/22/2021,1.87502E+11
3/23/2021,1.63877E+11
3/24/2021,1.76581E+11
3/25/2021,1.79095E+11
3/26/2021,1.45287E+11
3/27/2021,1.18833E+11
3/28/2021,1.24093E+11
3/29/2021,1.5049E+11
3/30/2021,1.67319E+11
3/31/2021,2.10893E+11
04/01/2021,1.9187E+11
04/02/2021,1.86231E+11
04/03/2021,1.46063E+11
04/04/2021,1.12039E+11
04/05/2021,1.48795E+11
04/06/2021,1.53266E+11
04/07/2021,1.53648E+11
04/08/2021,1.24438E+11
04/09/2021,1.18855E+11
04/10/2021,98446127075
04/11/2021,85229481055
04/12/2021,1.09282E+11
4/13/2021,1.20271E+11
4/14/2021,1.37756E+11
4/15/2021,1.05014E+11
4/16/2021,1.83796E+11
4/17/2021,1.44966E+11
4/18/2021,1.70181E+11
4/19/2021,1.95798E+11
4/20/2021,2.6551E+11
4/21/2021,1.66325E+11
4/22/2021,1.40016E+11
4/23/2021,1.24223E+11
4/24/2021,67652388873
4/25/2021,55417762177
4/26/2021,62694725054
4/27/2021,66938145405
4/28/2021,79191609660
4/29/2021,71836786969
4/30/2021,56781903115
05/01/2021,59677504645
05/02/2021,43095065217
05/03/2021,66900438914
05/04/2021,69098834782
05/05/2021,59385330566
05/06/2021,65942349676
05/07/2021,68346008307
05/08/2021,1.39808E+11
05/09/2021,1.30672E+11
05/10/2021,2.38385E+11
05/11/2021,2.98765E+11
05/12/2021,2.81829E+11
5/13/2021,1.70567E+11
5/14/2021,1.28797E+11
5/15/2021,93121194895
5/16/2021,81298825948
5/17/2021,95485853591
5/18/2021,88032574764
5/19/2021,2.98784E+11
5/20/2021,1.26958E+11
5/21/2021,1.14601E+11
5/22/2021,56329952594
5/23/2021,1.43673E+11
5/24/2021,68467808560
5/25/2021,51922095681
5/26/2021,50146189154
5/27/2021,39437129759
5/28/2021,40891552216
5/29/2021,32976768948
5/30/2021,28081052885
5/31/2021,32279087412
06/01/2021,29750836207
06/02/2021,32350651721
06/03/2021,33572372136
06/04/2021,28918775826
06/05/2021,22233993451
06/06/2021,19356063389
06/07/2021,24527732392
06/08/2021,32504193436
06/09/2021,27685890070
06/10/2021,23897393010
06/11/2021,25834690110
06/12/2021,23189790716
6/13/2021,17507233384
6/14/2021,22658681944
6/15/2021,23075725137
6/16/2021,22743300318
6/17/2021,24807002704
6/18/2021,24274221643
6/19/2021,18577786601
6/20/2021,20783797940
6/21/2021,46590886180
6/22/2021,73163723292
6/23/2021,25285766550
6/24/2021,22090212482
6/25/2021,28010226315
6/26/2021,18761864623
6/27/2021,25645892227
6/28/2021,23714125368
6/29/2021,26266202579
6/30/2021,32002625993
07/01/2021,25133110011
07/02/2021,20722209911
07/03/2021,18841863418
07/04/2021,16413877925
07/05/2021,20318933757
07/06/2021,54871815247
07/07/2021,40369381391
07/08/2021,37478388049
07/09/2021,30266605013
07/10/2021,18988461455
07/11/2021,15796724325
07/12/2021,30407815045
7/13/2021,32450026038
7/14/2021,45974504881
7/15/2021,45196906108
7/16/2021,42029589044
7/17/2021,29976286417
7/18/2021,30497194578
7/19/2021,30440382000
7/20/2021,35422941438
7/21/2021,27173423658
7/22/2021,33177581738
7/23/2021,35451146095
7/24/2021,24896279188
7/25/2021,23442307403
7/26/2021,42016473026
7/27/2021,40656771727
7/28/2021,46698873266
7/29/2021,34329937499
7/30/2021,39490647512
7/31/2021,44287844806
08/01/2021,39568132114
08/02/2021,44396980231
08/03/2021,48965615995
08/04/2021,45772397433
08/05/2021,64498157332
08/06/2021,54095411950
08/07/2021,53823017552
08/08/2021,50740583150
08/09/2021,62245603314
08/10/2021,65215176708
08/11/2021,67302786720
08/12/2021,58916336779
8/13/2021,62916929886
8/14/2021,53617974436
8/15/2021,62553842764
8/16/2021,61227895718
8/17/2021,57136391227
8/18/2021,53671161049
8/19/2021,51748682012
8/20/2021,48398307664
8/21/2021,40395653415
8/22/2021,40824934168
8/23/2021,67801123728
8/24/2021,86798598845
8/25/2021,1.02282E+11
8/26/2021,97977717090
8/27/2021,1.21233E+11
8/28/2021,89483984349
8/29/2021,1.00686E+11
8/30/2021,1.14339E+11
8/31/2021,1.21468E+11
09/01/2021,1.36213E+11
09/02/2021,1.17151E+11
09/03/2021,1.59342E+11
09/04/2021,1.27147E+11
09/05/2021,1.16327E+11
09/06/2021,1.24071E+11
09/07/2021,2.13999E+11
09/08/2021,1.56645E+11
09/09/2021,1.51691E+11
09/10/2021,1.07414E+11